molecule_chembl_id,bioactivity_class,pIC50,canonical_smiles,MW,LogP,NumHDonors,NumHAcceptors
CHEMBL4858364,active,7.301029995663981,C#Cc1c(F)ccc2cc(O)cc(-c3ncc4c(N5CC6CCC(C5)N6)nc(OC[C@@]56CCCN5C[C@H](F)C6)nc4c3F)c12,600.6450000000003,4.705900000000004,2.0,8.0
CHEMBL4594350,active,6.886056647693163,C=C(F)C(=O)N1CCN(c2nc(OC[C@@H]3CCCN3C)nc3c2CCN(c2cccc4cccc(Cl)c24)C3)C[C@@H]1CC#N,604.1299999999999,4.732980000000004,0.0,8.0
CHEMBL5218642,active,8.154901959985743,C=CC(=O)N1CCN(c2cc(-c3noc([C@@]4(C)CCCc5sc(N)c(C#N)c54)n3)nc(N3CCN(C)C[C@@H]3C)c2)CC1,587.7540000000001,3.2641800000000014,1.0,11.0
CHEMBL4535757,active,7.801342913045577,C=CC(=O)N1CCN(c2nc(=O)n(-c3c(C)ccnc3C(C)C)c3nc(-c4c(O)cccc4F)c(F)cc23)[C@@H](C)C1,560.6050000000001,4.4814200000000035,1.0,7.0
CHEMBL5433037,inactive,5.0,C=CC(=O)N1CCN(c2nc(N3CCN(C)CC3)nc3c2cc(-c2cccc4cccc(C)c24)n3C)C[C@@H]1CC#N,548.6950000000002,3.965600000000003,0.0,7.0
CHEMBL5437591,inactive,5.0,C=CC(=O)N1CCN(c2nc(N3CCOCC3)nc3c2cc(-c2cccc4cccc(C)c24)n3C)C[C@@H]1CC#N,535.6520000000003,4.050400000000003,0.0,7.0
CHEMBL5402796,inactive,5.0,C=CC(=O)N1CCN(c2nc(NCCN(C)C)nc3c2cc(-c2cccc4cccc(C)c24)n3C)C[C@@H]1CC#N,536.6840000000003,4.187300000000003,1.0,7.0
CHEMBL5436457,active,6.468521082957745,C=CC(=O)N1CCN(c2nc(OCC34CCCN3CCC4)nc3c2cc(-c2cccc4cccc(C)c24)n3C)C[C@@H]1CC#N,589.744,5.221000000000005,0.0,7.0
CHEMBL5423454,inactive,5.0,C=CC(=O)N1CCN(c2nc(OCCN(C(C)C)C(C)C)nc3c2cc(-c2cccc4cccc(C)c24)n3C)C[C@@H]1CC#N,593.7760000000001,5.711400000000006,0.0,7.0
CHEMBL5409675,inactive,5.0,C=CC(=O)N1CCN(c2nc(OCCN(C)C)nc3c2cc(-c2cccc4cccc(C)c24)n3C)C[C@@H]1CC#N,537.6680000000002,4.154200000000003,0.0,7.0
CHEMBL5440390,inactive,5.0,C=CC(=O)N1CCN(c2nc(OC[C@@H]3CCCN3C)nc3c2cc(-c2c(C)ccc4[nH]ncc24)n3C)C[C@@H]1CC#N,553.6710000000002,3.4099000000000013,1.0,8.0
CHEMBL5397514,inactive,5.0,C=CC(=O)N1CCN(c2nc(OC[C@@H]3CCCN3C)nc3c2cc(-c2c(C)ccc4c2cnn4C)n3C)C[C@@H]1CC#N,567.6980000000001,3.420300000000002,0.0,8.0
CHEMBL5406834,inactive,5.0,C=CC(=O)N1CCN(c2nc(OC[C@@H]3CCCN3C)nc3c2cc(-c2cc(OC)cc4ccccc24)n3C)C[C@@H]1CC#N,579.705,4.386980000000004,0.0,8.0
CHEMBL5405829,inactive,5.0,C=CC(=O)N1CCN(c2nc(OC[C@@H]3CCCN3C)nc3c2cc(-c2ccc4[nH]ncc4c2)n3C)C[C@@H]1CC#N,539.6440000000001,3.1014800000000013,1.0,8.0
CHEMBL5396651,inactive,5.0,C=CC(=O)N1CCN(c2nc(OC[C@@H]3CCCN3C)nc3c2cc(-c2cccc4cccc(OC)c24)n3C)C[C@@H]1CC#N,579.705,4.386980000000004,0.0,8.0
CHEMBL5396975,active,6.6777807052660805,C=CC(=O)N1CCN(c2nc(OC[C@@]34CCCN3C[C@H](F)C4)nc3c2cc(-c2cccc4cccc(C)c24)n3C)C[C@@H]1CC#N,607.7339999999999,5.169000000000005,0.0,7.0
CHEMBL5219918,inactive,5.0,C=CC(=O)Nc1ccc(-c2noc([C@@]3(C)CCCc4sc(N)c(C#N)c43)n2)cc1,405.48300000000006,4.018780000000001,2.0,7.0
CHEMBL5218841,inactive,5.0,C=CC(=O)Nc1cccc(-c2noc([C@@]3(C)CCCc4sc(N)c(C#N)c43)n2)c1,405.4830000000001,4.018780000000002,2.0,7.0
CHEMBL5579777,active,7.657577319177793,CC(=O)N1CCC(c2cc3c(N[C@H](C)c4cccc(C(F)F)c4F)ccnc3cn2)C1,428.4580000000001,5.215400000000005,1.0,4.0
CHEMBL5595041,active,8.013228265733755,CC(=O)N1CCC(c2cc3c(N[C@H](C)c4cccc(C(F)F)c4F)ccnc3cn2)CC1,442.4850000000001,5.6055000000000055,1.0,4.0
CHEMBL5571495,active,8.236572006437063,CC(=O)N1CCN(c2cc3c(N[C@H](C)c4cccc(C(F)F)c4F)ccnc3cn2)CC1,443.4730000000001,4.548100000000003,1.0,5.0
CHEMBL5283652,active,7.892790030352131,CC(=O)N1CCN2c3cc4c(N[C@H](C)c5cc(N)cc(C(F)(F)F)c5)nc(C)nc4cc3OC[C@@H]2C1,500.52500000000026,4.141820000000003,2.0,7.0
CHEMBL5283813,active,8.366531544420413,CC(=O)N1CCN2c3cc4c(N[C@H](C)c5cc(N)cc(C(F)(F)F)c5)nc(C)nc4cc3OC[C@H]2C1,500.52500000000026,4.141820000000003,2.0,7.0
CHEMBL5266753,active,7.896196279044043,CC(=O)N1CCN2c3cc4c(N[C@H](C)c5cccc(C(F)(F)C(C)(C)O)c5F)nc(C)nc4cc3OC[C@H]2C1,543.5900000000001,4.542620000000004,2.0,7.0
CHEMBL5285694,active,8.568636235841012,CC(=O)N1CCN2c3cc4c(N[C@H](C)c5cccc(C(F)(F)CO)c5F)nc(C)nc4cc3OC[C@H]2C1,515.5360000000002,3.764020000000003,2.0,7.0
CHEMBL5281957,active,8.05551732784983,CC(=O)N1CCN2c3cc4c(N[C@H](C)c5cccc(C(F)F)c5F)nc(C)nc4cc3OCC2C1,485.5100000000002,4.617520000000003,1.0,6.0
CHEMBL5276698,active,7.860120913598763,CC(=O)N1CCN2c3cc4c(N[C@H](C)c5cccc(C(F)F)c5F)nc(C)nc4cc3OC[C@@H]2C1,485.5100000000002,4.617520000000003,1.0,6.0
CHEMBL5290978,active,8.200659450546418,CC(=O)N1CCN2c3cc4c(N[C@H](C)c5cccc(C(F)F)c5F)nc(C)nc4cc3OC[C@H]2C1,485.5100000000002,4.617520000000003,1.0,6.0
CHEMBL5273838,active,6.913640169325252,CC(=O)N1CCOc2cc3nc(C)nc(N[C@H](C)c4cc(N)cc(C(F)(F)F)c4)c3cc21,445.44500000000016,4.457620000000003,2.0,6.0
CHEMBL4556876,active,7.443697499232712,CC(=O)NC1CCN(c2cc3c(NC(C)c4ccc(-c5ccccc5CN(C)C)s4)nc(C)nc3cn2)C1,529.7140000000002,5.011220000000005,2.0,8.0
CHEMBL5569453,active,7.920818753952375,CC(=O)NC1CCN(c2cc3c(N[C@H](C)c4cccc(C(F)F)c4F)ccnc3cn2)CC1,457.50000000000017,4.984500000000004,2.0,5.0
CHEMBL4463000,active,7.628932137728263,CC(=O)N[C@@H]1CCN(c2cc3c(NC(C)c4ccc(-c5ccccc5CN(C)C)s4)nc(C)nc3cn2)C1,529.7140000000002,5.011220000000005,2.0,8.0
CHEMBL4437709,active,7.443697499232712,CC(=O)N[C@H]1CCN(c2cc3c(NC(C)c4ccc(-c5ccccc5CN(C)C)s4)nc(C)nc3cn2)C1,529.7140000000002,5.011220000000005,2.0,8.0
CHEMBL5431572,active,7.679853713888946,CC(C)c1ccc(S(=O)(=O)Nc2cnc(N3CCCC3)c(C(=O)O)c2)cc1,389.4770000000002,3.3042000000000016,2.0,5.0
CHEMBL5410517,active,8.070019409484486,CCC1(OC)C(=O)N(C)c2cc3c(N[C@H](C)c4cccc(C(F)(F)CO)c4F)nnc(C)c3cc21,488.5100000000002,4.562620000000004,2.0,6.0
CHEMBL6053806,active,7.920818753952375,CCC1(n2cc3c(N[C@H](C)c4cccc(C(F)F)c4F)nc(C)nc3cc2=O)CC1,416.4470000000002,5.248820000000004,1.0,4.0
CHEMBL5687012,active,7.008773924307505,CCCCNCc1ccccc1-c1ccc(C(C)Nc2nc(C)nc3cc(OC)c(OC)cc23)s1,490.6730000000003,6.746720000000006,2.0,7.0
CHEMBL4483765,active,7.376750709602099,CCCOc1cc2c(NC(C)c3ccc(-c4ccccc4CN(C)C)s3)nc(C)nc2cn1,461.6350000000002,6.085220000000007,1.0,7.0
CHEMBL5687045,active,6.769551078621726,CCN(CC)Cc1ccccc1-c1ccc(C(C)Nc2nc(C)nc3cc(OC)c(OC)cc23)s1,490.6730000000003,6.698820000000007,1.0,7.0
CHEMBL5686991,active,7.259637310505756,CCNCc1ccccc1-c1ccc(C(C)Nc2nc(C)nc3cc(OC)c(OC)cc23)s1,462.61900000000026,5.966520000000005,2.0,7.0
CHEMBL4545109,inactive,4.903089986991944,CCOc1cc2c(N[C@H](C)c3ccccc3)nc(C)nc2cn1,308.38500000000005,3.905020000000002,1.0,5.0
CHEMBL5566055,active,8.0,CNCC1(COc2cc3c(N[C@H](C)c4cc(N)cc(C(F)(F)F)c4)nc(C)nc3cc2OC)CC1,489.54200000000026,5.099320000000004,3.0,7.0
CHEMBL5687036,active,7.3872161432802645,CNCc1ccccc1-c1ccc(C(C)Nc2nc(C)nc3cc(OC)c(OC)cc23)s1,448.5920000000002,5.576420000000005,2.0,7.0
CHEMBL4436932,active,6.962573502059376,CNCc1ccccc1-c1ccc(C(C)Nc2nc(C)nc3cnc(OCC4CCNC(=O)C4)cc23)s1,516.6710000000003,4.859220000000004,3.0,8.0
CHEMBL5560695,active,7.301029995663981,CNCc1ccccc1-c1csc(C(C)Nc2nc(C)nc3cc(OC)c(OC)cc23)c1,448.5920000000002,5.576420000000005,2.0,7.0
CHEMBL4535474,active,7.6777807052660805,CNCc1ccccc1-c1csc([C@@H](C)Nc2nc(C)nc3cc(OC)c(OC)cc23)c1,448.5920000000002,5.576420000000005,2.0,7.0
CHEMBL5425200,active,8.010016541698601,COC1(C)C(=O)N(C)c2cc3c(N[C@H](C)c4cc(C)cc(C(F)(F)CO)c4C)nnc(C)c3cc21,484.54700000000025,4.650260000000004,2.0,6.0
CHEMBL5922892,active,8.221848749616356,COCC1(n2cc3c(N[C@H](C)c4cccc(C(F)F)c4F)nc(C)nc3cc2=O)CC1,432.44600000000025,4.4852200000000035,1.0,5.0
CHEMBL5687054,active,7.0,COCCNCc1ccccc1-c1ccc(C(C)Nc2nc(C)nc3cc(OC)c(OC)cc23)s1,492.64500000000027,5.593020000000005,2.0,8.0
CHEMBL4445586,active,6.029653123769907,COCCOc1cc2c(N[C@H](C)c3ccc(F)cc3)nc(C)nc2cn1,356.40100000000007,3.670620000000002,1.0,6.0
CHEMBL5435766,active,7.809668301829708,CO[C@H]1CCN(c2cc3c(N[C@H](C)c4cccc(C(F)(F)F)c4F)nc(C)nc3nc2C)C[C@H]1F,495.4960000000002,5.535840000000005,1.0,6.0
CHEMBL4532624,inactive,4.698970004336019,COc1cc2c(N[C@H](C)c3ccc(F)cc3)nc(C)nc2cn1,312.34800000000007,3.654020000000002,1.0,5.0
CHEMBL5686994,inactive,4.913640169325252,COc1cc2ccnc(N[C@H](C)c3cccc4ccccc34)c2cc1OC,358.44100000000014,5.578300000000004,1.0,4.0
CHEMBL5687033,inactive,4.698970004336019,COc1cc2nc(C)nc(N(C)[C@H](C)c3cccc(Br)c3)c2cc1OC,416.31900000000013,4.915320000000005,0.0,5.0
CHEMBL5687015,active,6.229147988357855,COc1cc2nc(C)nc(NC(C)c3ccc(-c4ccc(F)cc4CNC(C)=O)s3)c2cc1OC,494.59200000000027,5.6322200000000056,2.0,7.0
CHEMBL5687043,active,6.229147988357855,COc1cc2nc(C)nc(NC(C)c3ccc(-c4ccccc4C#N)s3)c2cc1OC,430.5330000000002,5.728700000000004,1.0,7.0
CHEMBL5686995,active,6.3979400086720375,COc1cc2nc(C)nc(NC(C)c3ccc(-c4ccccc4C(C)(C)N)s3)c2cc1OC,462.61900000000026,6.050820000000006,2.0,7.0
CHEMBL5687017,active,7.292429823902063,COc1cc2nc(C)nc(NC(C)c3ccc(-c4ccccc4CCN)s3)c2cc1OC,448.59200000000027,5.358220000000005,2.0,7.0
CHEMBL5687002,active,7.3979400086720375,COc1cc2nc(C)nc(NC(C)c3ccc(-c4ccccc4CN(C)C)s3)c2cc1OC,462.61900000000026,5.918620000000006,1.0,7.0
CHEMBL5687041,active,7.327902142064283,COc1cc2nc(C)nc(NC(C)c3ccc(-c4ccccc4CN(C)CCO)s3)c2cc1OC,492.6450000000003,5.281120000000006,2.0,8.0
CHEMBL5687027,active,7.096910013008056,COc1cc2nc(C)nc(NC(C)c3ccc(-c4ccccc4CN)s3)c2cc1OC,434.5650000000002,5.315720000000004,2.0,7.0
CHEMBL5687028,active,6.3872161432802645,COc1cc2nc(C)nc(NC(C)c3ccc(-c4ccccc4CN4CC(F)C4)s3)c2cc1OC,492.6200000000003,6.010720000000005,1.0,7.0
CHEMBL5686993,active,7.119186407719209,COc1cc2nc(C)nc(NC(C)c3ccc(-c4ccccc4CN4CCC4)s3)c2cc1OC,474.63000000000034,6.062720000000006,1.0,7.0
CHEMBL5687003,active,6.107905397309519,COc1cc2nc(C)nc(NC(C)c3ccc(-c4ccccc4CNCC(F)F)s3)c2cc1OC,498.5990000000002,6.211720000000005,2.0,7.0
CHEMBL5687052,active,7.337242168318426,COc1cc2nc(C)nc(NC(C)c3ccc(-c4ccccc4CNCCO)s3)c2cc1OC,478.6180000000003,4.938920000000005,3.0,8.0
CHEMBL5687011,active,6.327902142064283,COc1cc2nc(C)nc(NC(C)c3ccc(-c4ccccc4CNCc4ccccc4)s3)c2cc1OC,524.6900000000003,7.146820000000006,2.0,7.0
CHEMBL5687047,active,6.552841968657781,COc1cc2nc(C)nc(NC(C)c3ccc(-c4ccccc4CO)s3)c2cc1OC,435.5490000000002,5.349320000000005,2.0,7.0
CHEMBL5686990,active,6.698970004336019,COc1cc2nc(C)nc(NC(C)c3ccc(-c4ccccc4[C@@H](C)N)s3)c2cc1OC,448.5920000000002,5.876720000000005,2.0,7.0
CHEMBL5687031,active,6.638272163982407,COc1cc2nc(C)nc(NC(C)c3ccc(-c4ccccc4[C@H](C)N)s3)c2cc1OC,448.5920000000002,5.876720000000005,2.0,7.0
CHEMBL5687032,active,6.3979400086720375,COc1cc2nc(C)nc(NC(C)c3ccc(-c4cnc5n4CCC5)s3)c2cc1OC,435.5530000000003,4.999720000000004,1.0,7.0
CHEMBL5088924,active,7.823908740944319,COc1cc2nc(C)nc(N[C@H](C)c3cc(N)cc(C(F)(F)F)c3)c2cc1OC,406.40800000000013,4.729520000000003,2.0,6.0
CHEMBL4519023,active,8.301029995663981,COc1cc2nc(C)nc(N[C@H](C)c3cc(N)cc(C(F)(F)F)c3)c2cc1O[C@H]1CCOC1,462.47200000000026,4.888620000000003,2.0,7.0
CHEMBL5428389,active,6.853871964321762,COc1cc2nc(C)nc(N[C@H](C)c3cccc(-c4cn[nH]c4)c3)c2cc1OC,389.4590000000001,4.518620000000003,2.0,6.0
CHEMBL5687050,active,6.769551078621726,COc1cc2nc(C)nc(N[C@H](C)c3cccc(Br)c3)c2cc1OC,402.29200000000014,4.891020000000004,1.0,5.0
CHEMBL5084571,active,6.97469413473523,COc1cc2nc(C)nc(N[C@H](C)c3cccc(C(F)(F)F)c3)c2cc1OC,391.39300000000014,5.147320000000004,1.0,5.0
CHEMBL5087341,active,6.449771646944906,COc1cc2nc(C)nc(N[C@H](C)c3cccc(N)c3)c2cc1OC,338.4110000000002,3.710720000000002,2.0,6.0
CHEMBL5085531,active,7.251811972993799,COc1cc2nc(C)nc(N[C@H](C)c3cccc(S(N)(=O)=O)c3)c2cc1OC,402.4760000000002,2.775920000000001,2.0,7.0
CHEMBL5413061,active,6.886056647693163,COc1cc2nc(C)nc(N[C@H](C)c3cccc4ccccc34)c2cc1OC,373.4560000000002,5.281720000000004,1.0,5.0
CHEMBL5087955,active,6.343901797987168,COc1cc2nc(C)nc(N[C@H](C)c3ccccc3)c2cc1OC,323.39600000000013,4.128520000000003,1.0,5.0
CHEMBL5687030,active,6.096910013008056,COc1cc2nc(N(C)C)nc(N[C@H](C)c3cccc4ccccc34)c2cc1OC,402.4980000000002,5.039300000000004,1.0,6.0
CHEMBL5594101,active,7.638272163982407,COc1cc2nccc(N[C@H](C)c3cccc(C(F)F)c3F)c2cc1C1CC1,386.41700000000014,6.370600000000004,1.0,3.0
CHEMBL5567383,active,7.958607314841775,COc1cc2nccc(N[C@H](C)c3cccc(C(F)F)c3F)c2cc1C1CCN(C(C)=O)CC1,471.5230000000003,6.219100000000005,1.0,4.0
CHEMBL5570028,active,7.853871964321762,COc1cc2nccc(N[C@H](C)c3cccc(C(F)F)c3F)c2cc1C1CCNCC1,429.4860000000002,5.960200000000005,2.0,4.0
CHEMBL5583880,active,8.05551732784983,COc1cc2nccc(N[C@H](C)c3cccc(C(F)F)c3F)c2cc1N1CCN(C(C)=O)CC1,472.5110000000003,5.161700000000005,1.0,5.0
CHEMBL5592526,active,8.065501548756432,COc1cc2nccc(N[C@H](C)c3cccc(C(F)F)c3F)c2cc1N1CCS(=O)(=O)CC1,479.5240000000003,4.728000000000004,1.0,6.0
CHEMBL5563690,active,7.958607314841775,COc1cc2nccc(N[C@H](C)c3cccc(C(F)F)c3F)c2cc1OC,376.3780000000001,5.501800000000004,1.0,4.0
CHEMBL5563795,active,7.886056647693163,COc1cc2nccc(N[C@H](C)c3cccc(C(F)F)c3F)c2cc1OC1CCNCC1,445.48500000000024,5.624000000000005,2.0,5.0
CHEMBL5584077,active,8.0,COc1cc2nccc(N[C@H](C)c3cccc(C(F)F)c3F)c2cc1O[C@H]1CCN(C(=O)C2CC2)C1,499.53300000000036,5.882900000000006,1.0,5.0
CHEMBL5570758,active,7.886056647693163,COc1cc2nccc(N[C@H](C)c3cccc(C(F)F)c3F)c2cc1O[C@H]1CCN(C(=O)C2CCOCC2)C1,543.5860000000001,5.899500000000006,1.0,6.0
CHEMBL5570256,active,8.42021640338319,COc1cc2nccc(N[C@H](C)c3cccc(C(F)F)c3F)c2cc1O[C@H]1CCN(C(C)=O)C1,473.4950000000003,5.492800000000005,1.0,5.0
CHEMBL5595806,active,7.823908740944319,COc1cc2nccc(N[C@H](C)c3cccc(C(F)F)c3F)c2cc1O[C@H]1CCN(C)C1,445.48500000000024,5.576100000000006,1.0,5.0
CHEMBL5591478,active,8.221848749616356,COc1cc2nccc(N[C@H](C)c3cccc(C(F)F)c3F)c2cc1O[C@H]1CCNC1,431.4580000000002,5.233900000000005,2.0,5.0
CHEMBL5575627,active,8.173925197299173,COc1cc2nccc(N[C@H](C)c3cccc(C(F)F)c3F)c2cc1O[C@H]1CCOC1,432.44200000000023,5.660900000000004,1.0,5.0
CHEMBL5412768,active,6.494850021680094,COc1cc2ncnc(N[C@H](C)c3cccc4ccccc34)c2cc1OC,359.42900000000014,4.973300000000004,1.0,5.0
CHEMBL5087825,active,7.481486060122112,COc1ccc2nc(C)nc(N[C@H](C)c3cc(N)cc(C(F)(F)F)c3)c2c1,376.38200000000006,4.720920000000003,2.0,5.0
CHEMBL5403468,active,7.721246399047171,COc1nc2nc(C)nc(N[C@H](C)c3cccc(C(F)(F)F)c3F)c2cc1N1CC2CC(C1)O2,477.4620000000003,4.650320000000004,1.0,7.0
CHEMBL5411254,active,7.8696662315049934,COc1nc2nc(C)nc(N[C@H](C)c3cccc(C(F)(F)F)c3F)c2cc1N1CCC(OC)CC1,493.50500000000034,5.288020000000005,1.0,7.0
CHEMBL5428594,active,7.838631997765025,COc1nc2nc(C)nc(N[C@H](C)c3cccc(C(F)(F)F)c3F)c2cc1N1CCC[C@H](OC)C1,493.50500000000034,5.288020000000005,1.0,7.0
CHEMBL5416706,active,7.939302159646388,COc1nc2nc(C)nc(N[C@H](C)c3cccc(C(F)(F)F)c3F)c2cc1N1CCOCC1,465.4510000000003,4.509420000000003,1.0,7.0
CHEMBL5404652,active,7.978810700930062,COc1nc2nc(C)nc(N[C@H](C)c3cccc(C(F)(F)F)c3F)c2cc1N1CC[C@H](OC)[C@H](F)C1,511.4950000000003,5.236020000000005,1.0,7.0
CHEMBL4436731,active,6.038341651362285,CSc1cc2c(N[C@H](C)c3ccc(F)cc3)nc(C)nc2cn1,328.41600000000005,4.367320000000003,1.0,5.0
CHEMBL5572301,active,8.070581074285707,C[C@@H](Nc1ccnc2cnc(N3CCC(O)CC3)cc12)c1cccc(C(F)F)c1F,416.447,4.8407000000000036,2.0,5.0
CHEMBL5564419,active,8.161150909262744,C[C@@H](Nc1ccnc2cnc(N3CCN(C)C(=O)C3)cc12)c1cccc(C(F)F)c1F,429.4460000000001,4.158000000000003,1.0,5.0
CHEMBL5575769,active,7.886056647693163,C[C@@H](Nc1ccnc2cnc(N3CCN(S(C)(=O)=O)CC3)cc12)c1cccc(C(F)F)c1F,479.5280000000002,3.9612000000000034,1.0,6.0
CHEMBL5562960,active,8.154901959985743,C[C@@H](Nc1ccnc2cnc(N3CCOCC3)cc12)c1cccc(C(F)F)c1F,402.42,4.716200000000004,1.0,5.0
CHEMBL5572190,active,8.2839966563652,C[C@@H](Nc1ccnc2cnc(N3CCS(=O)(=O)CC3)cc12)c1cccc(C(F)F)c1F,450.4860000000001,4.114400000000003,1.0,6.0
CHEMBL5571673,active,7.823908740944319,C[C@@H](Nc1ccnc2cnc(O[C@H]3CCOC3)cc12)c1cccc(C(F)F)c1F,403.404,5.0473000000000035,1.0,5.0
CHEMBL6047729,active,8.154901959985743,C[C@@H](Nc1ncnc2c(F)c(=O)n(C3(C(F)F)CC3)cc12)c1cccc(C(F)F)c1F,442.3630000000001,4.934600000000002,1.0,4.0
CHEMBL6044589,active,8.0,C[C@@H](Nc1ncnc2cc(=O)n(C3(C(F)(F)F)CC3)cc12)c1cccc(C(F)F)c1F,442.3630000000001,5.0927000000000024,1.0,4.0
CHEMBL5967722,active,7.958607314841775,C[C@@H](Nc1ncnc2cc(=O)n(C3(C(F)(F)F)CCOC3)cc12)c1cccc(C(F)F)c1F,472.3890000000002,4.719200000000003,1.0,5.0
CHEMBL5879596,active,8.096910013008056,C[C@@H](Nc1ncnc2cc(=O)n(C3(C(F)F)CC3)cc12)c1cccc(C(F)F)c1F,424.37300000000005,4.795500000000003,1.0,4.0
CHEMBL5922437,active,8.154901959985743,C[C@@H](Nc1ncnc2cc(=O)n(C3(C)CC3)cc12)c1cccc(C(C)(F)F)c1F,402.42,4.724400000000004,1.0,4.0
CHEMBL5889768,active,7.823908740944319,C[C@@H](Nc1ncnc2cc(=O)n(C3(C)CC3)cc12)c1cccc(C(F)(F)F)c1,388.393,4.4924000000000035,1.0,4.0
CHEMBL5908190,active,8.154901959985743,C[C@@H](Nc1ncnc2cc(=O)n(C3(C)CC3)cc12)c1cccc(C(F)F)c1F,388.393,4.550300000000004,1.0,4.0
CHEMBL5760466,active,8.397940008672037,C[C@@H](Nc1ncnc2cc(=O)n(C3(C)CC3)cc12)c1cccc2c1CCC2(F)F,396.4410000000001,4.511600000000004,1.0,4.0
CHEMBL5976664,active,7.6020599913279625,C[C@@H](Nc1ncnc2cc(=O)n(C3(C)CC3)cc12)c1cccc2c1CCC2=O,374.44400000000013,3.6025000000000027,1.0,5.0
CHEMBL5979138,active,8.221848749616356,C[C@@H](Nc1ncnc2cc(=O)n(C3(CF)CC3)cc12)c1cccc(C(C)(F)F)c1F,420.4100000000001,4.674000000000004,1.0,4.0
CHEMBL5771504,active,8.154901959985743,C[C@@H](Nc1ncnc2cc(=O)n(C3(CF)CC3)cc12)c1cccc(C(F)F)c1F,406.38300000000004,4.499900000000003,1.0,4.0
CHEMBL5873541,active,8.154901959985743,C[C@@H](Nc1ncnc2cc(=O)n(C34CC(C3)C4)cc12)c1cccc(C(F)F)c1F,400.404,4.550300000000004,1.0,4.0
CHEMBL5885018,active,8.397940008672037,C[C@@H](Nc1ncnc2cc(=O)n(C34CC(C3)C4)cc12)c1cccc2c1CCC2(F)F,408.4520000000001,4.511600000000004,1.0,4.0
CHEMBL5746249,active,7.769551078621726,C[C@@H](Nc1ncnc2cc(=O)n(C34CC(C3)C4)cc12)c1cccc2c1CCC2=O,386.45500000000015,3.6025000000000027,1.0,5.0
CHEMBL5970716,active,8.096910013008056,C[C@@H](Nc1ncnc2cc(=O)n(C34CC(F)(C3)C4)cc12)c1cccc(C(F)F)c1F,418.394,4.642400000000003,1.0,4.0
CHEMBL5785130,active,8.397940008672037,C[C@@H](Nc1ncnc2cc(=O)n(C34CCC(CC3)C4)cc12)c1cccc2c1CCC2(F)F,436.5060000000002,5.291800000000005,1.0,4.0
CHEMBL5791714,active,8.221848749616356,C[C@@H](Nc1ncnc2cc(=O)n(C34CCC(CC3)C4)cc12)c1cccc2c1CCC2=O,414.50900000000024,4.382700000000003,1.0,5.0
CHEMBL5911313,active,8.522878745280337,C[C@@H](Nc1ncnc2cc(=O)n(C34CCC(F)(CC3)CC4)cc12)c1cccc(C(F)F)c1F,460.47500000000014,5.812700000000004,1.0,4.0
CHEMBL5753107,active,7.823908740944319,C[C@@H](Nc1ncnc2cc(=O)n(C3CC34CC4)cc12)c1cccc(C(F)F)c1F,400.404,4.766300000000004,1.0,4.0
CHEMBL5984456,active,8.221848749616356,C[C@@H](Nc1ncnc2cc(=O)n([C@H]3C[C@H](F)C3)cc12)c1cccc(C(F)F)c1F,406.38300000000004,4.714300000000003,1.0,4.0
CHEMBL5411840,active,6.970007824622153,Cc1c(-c2cncnc2)cccc1[C@@H](C)Nc1nnc(C)c2cc3c(cc12)n(C)c(=O)n3C,439.52300000000025,4.067140000000003,1.0,6.0
CHEMBL6061942,active,7.853871964321762,Cc1c(=O)n(-c2cnn(C)c2)cc2c(N[C@H](C)c3cccc(C(F)F)c3F)ncnc12,428.41800000000006,4.072420000000003,1.0,5.0
CHEMBL5748800,active,7.886056647693163,Cc1c(=O)n(C2(C(F)(F)F)CC2)cc2c(N[C@H](C)c3cccc(C(F)F)c3F)ncnc12,456.39000000000004,5.401120000000003,1.0,4.0
CHEMBL5782482,active,7.823908740944319,Cc1c(=O)n(C2(C(F)F)CC2)cc2c(N[C@H](C)c3cccc(C(F)F)c3F)ncnc12,438.40000000000003,5.103920000000003,1.0,4.0
CHEMBL5862116,active,8.045757490560675,Cc1c(=O)n(C2(C)CC2)cc2c(N[C@H](C)c3cccc(C(C)(F)F)c3F)ncnc12,416.4470000000001,5.0328200000000045,1.0,4.0
CHEMBL5906350,active,7.7447274948966935,Cc1c(=O)n(C2(C)CC2)cc2c(N[C@H](C)c3cccc(C(F)F)c3)ncnc12,384.43000000000006,4.719620000000004,1.0,4.0
CHEMBL5786509,active,7.920818753952375,Cc1c(=O)n(C2(C)CC2)cc2c(N[C@H](C)c3cccc(C(F)F)c3F)ncnc12,402.4200000000001,4.858720000000004,1.0,4.0
CHEMBL6035205,active,7.886056647693163,Cc1c(=O)n(C2(CF)CC2)cc2c(N[C@H](C)c3cccc(C(C)(F)F)c3F)ncnc12,434.4370000000001,4.982420000000004,1.0,4.0
CHEMBL6050472,active,8.154901959985743,Cc1c(=O)n(C2(CF)CC2)cc2c(N[C@H](C)c3cccc(C(F)F)c3F)ncnc12,420.4100000000001,4.808320000000004,1.0,4.0
CHEMBL5818408,active,7.920818753952375,Cc1c(=O)n(C23CC(C2)C3)cc2c(N[C@H](C)c3cccc(C(F)F)c3F)ncnc12,414.43100000000004,4.858720000000004,1.0,4.0
CHEMBL6012334,active,8.0,Cc1c(=O)n(C23CC(F)(C2)C3)cc2c(N[C@H](C)c3cccc(C(C)(F)F)c3F)ncnc12,446.4480000000001,5.124920000000004,1.0,4.0
CHEMBL5748456,active,8.301029995663981,Cc1c(=O)n(C23CC(F)(C2)C3)cc2c(N[C@H](C)c3cccc(C(F)(F)C(C)(C)O)c3F)ncnc12,490.50100000000015,4.875920000000005,2.0,5.0
CHEMBL5840385,active,7.920818753952375,Cc1c(=O)n(C23CC(F)(C2)C3)cc2c(N[C@H](C)c3cccc(C(F)F)c3F)ncnc12,432.42100000000005,4.950820000000004,1.0,4.0
CHEMBL6052669,active,8.698970004336019,Cc1c(=O)n(C23CCC(CC2)C3)cc2c(N[C@H](C)c3cccc4c3CCC4(F)F)ncnc12,450.5330000000002,5.6002200000000055,1.0,4.0
CHEMBL5773666,active,8.221848749616356,Cc1c(=O)n(C23CCC(F)(CC2)CC3)cc2c(N[C@H](C)c3cccc(C(F)F)c3F)ncnc12,474.50200000000007,6.121120000000005,1.0,4.0
CHEMBL5965668,active,7.443697499232712,Cc1c(=O)n(C2CC23CC3)cc2c(N[C@H](C)c3cccc(C(F)F)c3F)ncnc12,414.43100000000004,5.074720000000004,1.0,4.0
CHEMBL5748220,active,7.585026652029182,Cc1c(=O)n([C@@H]2C[C@H]2C(F)F)cc2c(N[C@H](C)c3cccc(C(F)F)c3F)ncnc12,438.40000000000003,5.175820000000003,1.0,4.0
CHEMBL5970001,active,7.769551078621726,Cc1c(=O)n([C@H]2C[C@@H]2C(F)F)cc2c(N[C@H](C)c3cccc(C(F)F)c3F)ncnc12,438.40000000000003,5.175820000000003,1.0,4.0
CHEMBL5847910,active,8.045757490560675,Cc1c(=O)n([C@H]2C[C@H](F)C2)cc2c(N[C@H](C)c3cccc(C(F)F)c3F)ncnc12,420.41,5.022720000000004,1.0,4.0
CHEMBL5429741,active,7.308034897232639,Cc1ccc(S(=O)(=O)Nc2cnc(N3CC=C(c4ccccc4C)CC3)c(C(=O)O)c2)c(C)c1,477.5860000000003,4.799560000000004,2.0,5.0
CHEMBL5425623,active,7.449771646944906,Cc1ccc(S(=O)(=O)Nc2cnc(N3CCCC3)c(C(=O)O)c2)c(C)c1,375.45000000000016,2.7976400000000003,2.0,5.0
CHEMBL5413389,active,7.486782399932061,Cc1ccccc1C1=CCN(c2ncc(NS(=O)(=O)c3ccc(C(C)C)cc3)cc2C(=O)O)CC1,491.61300000000034,5.306120000000004,2.0,5.0
CHEMBL4534715,active,6.809668301829708,Cc1nc(NC(C)c2ccc(-c3ccccc3CN(C)C)s2)c2cc(N3CC(NC(=O)CN4CCOCC4)C3)ncc2n1,600.793,3.9334200000000017,2.0,10.0
CHEMBL4467637,active,7.142667503568731,Cc1nc(NC(C)c2ccc(-c3ccccc3CN(C)C)s2)c2cc(N3CCN(Cc4cccnc4)CC3)ncc2n1,578.7900000000002,6.013620000000006,1.0,9.0
CHEMBL4591897,active,7.318758762624412,Cc1nc(NC(C)c2ccc(-c3ccccc3CN(C)C)s2)c2cc(N3CCNC(=O)C3)ncc2n1,501.6600000000003,4.2326200000000025,2.0,8.0
CHEMBL4442178,active,7.522878745280337,Cc1nc(NC(C)c2ccc(-c3ccccc3CN(C)C)s2)c2cc(OCCN(C)C)ncc2n1,490.6770000000003,5.236820000000005,1.0,8.0
CHEMBL5203150,active,7.987162775294828,Cc1nc(N[C@H](C)c2cc(N)cc(C(F)(F)F)c2)c2cc(O[C@H]3CCOC3)c(O)cc2n1,448.4450000000002,4.585620000000003,3.0,7.0
CHEMBL5267923,active,6.043831569524636,Cc1nc(N[C@H](C)c2cc(N)cc(C(F)(F)F)c2)c2cc3c(cc2n1)OCCO3,404.39200000000017,4.483520000000003,2.0,6.0
CHEMBL5289720,active,8.136677139879543,Cc1nc(N[C@H](C)c2cc(N)cc(C(F)(F)F)c2)c2cc3c(cc2n1)OC[C@H]1CN(C)CCN31,472.51500000000027,4.225120000000003,2.0,7.0
CHEMBL5274802,active,7.7447274948966935,Cc1nc(N[C@H](C)c2cc(N)cc(C(F)(F)F)c2)c2cc3c(cc2n1)OC[C@H]1CN(C2CCOCC2)CCN31,542.6060000000002,4.774320000000004,2.0,8.0
CHEMBL5272348,active,7.806875401645538,Cc1nc(N[C@H](C)c2cc(N)cc(C(F)(F)F)c2)c2cc3c(cc2n1)OC[C@H]1CN(C2COC2)CCN31,514.5520000000004,3.9941200000000032,2.0,8.0
CHEMBL5268844,active,8.221848749616356,Cc1nc(N[C@H](C)c2cc(N)cc(C(F)(F)F)c2)c2cc3c(cc2n1)OC[C@H]1COCCN31,459.47200000000026,4.309920000000003,2.0,7.0
CHEMBL5847258,active,8.154901959985743,Cc1nc(N[C@H](C)c2cccc(C(C)(F)F)c2)c2cn(C3(C(F)F)CC3)c(=O)cc2n1,434.4370000000001,5.138920000000003,1.0,4.0
CHEMBL5745563,active,8.045757490560675,Cc1nc(N[C@H](C)c2cccc(C(C)(F)F)c2)c2cn(C3(C)CC3)c(=O)cc2n1,398.45700000000016,4.893720000000004,1.0,4.0
CHEMBL6058293,active,7.508638306165727,Cc1nc(N[C@H](C)c2cccc(C(C)(F)F)c2)c2cn(C34CC(F)(C3)C4)c(=O)cc2n1,428.4580000000002,4.985820000000004,1.0,4.0
CHEMBL6043017,active,7.886056647693163,Cc1nc(N[C@H](C)c2cccc(C(C)(F)F)c2F)c2cn(C3(C(F)(F)F)CC3)c(=O)cc2n1,470.41700000000014,5.575220000000003,1.0,4.0
CHEMBL6051962,active,7.7447274948966935,Cc1nc(N[C@H](C)c2cccc(C(C)(F)F)c2F)c2cn(C3(C(F)(F)F)CCOC3)c(=O)cc2n1,500.4430000000002,5.201720000000004,1.0,5.0
CHEMBL5988943,active,8.301029995663981,Cc1nc(N[C@H](C)c2cccc(C(C)(F)F)c2F)c2cn(C3(C(F)F)CC3)c(=O)cc2n1,452.42700000000013,5.278020000000004,1.0,4.0
CHEMBL5930115,active,8.221848749616356,Cc1nc(N[C@H](C)c2cccc(C(C)(F)F)c2F)c2cn(C3(C)CC3)c(=O)c(F)c2n1,434.4370000000002,5.1719200000000045,1.0,4.0
CHEMBL6050475,active,8.397940008672037,Cc1nc(N[C@H](C)c2cccc(C(C)(F)F)c2F)c2cn(C3(C)CC3)c(=O)cc2n1,416.4470000000002,5.0328200000000045,1.0,4.0
CHEMBL6042806,active,8.397940008672037,Cc1nc(N[C@H](C)c2cccc(C(C)(F)F)c2F)c2cn(C3(CF)CC3)c(=O)c(F)c2n1,452.4270000000002,5.121520000000004,1.0,4.0
CHEMBL5774260,active,8.397940008672037,Cc1nc(N[C@H](C)c2cccc(C(C)(F)F)c2F)c2cn(C3(CF)CC3)c(=O)cc2n1,434.4370000000002,4.982420000000004,1.0,4.0
CHEMBL5865585,active,7.823908740944319,Cc1nc(N[C@H](C)c2cccc(C(C)(F)F)c2F)c2cn(C34CC(F)(C3)C4)c(=O)cc2n1,446.4480000000002,5.124920000000004,1.0,4.0
CHEMBL5966878,active,8.698970004336019,Cc1nc(N[C@H](C)c2cccc(C(F)(F)C(C)(C)O)c2F)c2cn(C3(C(F)F)CC3)c(=O)c(F)c2n1,514.4700000000001,5.1681200000000045,2.0,5.0
CHEMBL5962826,active,8.698970004336019,Cc1nc(N[C@H](C)c2cccc(C(F)(F)C(C)(C)O)c2F)c2cn(C3(C)CC3)c(=O)c(F)c2n1,478.49000000000024,4.922920000000005,2.0,5.0
CHEMBL5788088,active,8.397940008672037,Cc1nc(N[C@H](C)c2cccc(C(F)(F)C(C)(C)O)c2F)c2cn(C34CC(C3)C4)c(=O)c(F)c2n1,490.50100000000026,4.922920000000005,2.0,5.0
CHEMBL5962781,active,8.397940008672037,Cc1nc(N[C@H](C)c2cccc(C(F)(F)C(C)(C)O)c2F)c2cn(C34CC(F)(C3)C4)c(=O)c(F)c2n1,508.49100000000027,5.015020000000005,2.0,5.0
CHEMBL5921060,active,8.522878745280337,Cc1nc(N[C@H](C)c2cccc(C(F)(F)C3CCCO3)c2)c2cn(C3(C(F)F)CC3)c(=O)c(F)c2n1,508.4910000000002,5.437120000000005,1.0,5.0
CHEMBL5784521,active,8.397940008672037,Cc1nc(N[C@H](C)c2cccc(C(F)(F)C3CCCO3)c2)c2cn(C3(C)CC3)c(=O)c(F)c2n1,472.51100000000025,5.191920000000005,1.0,5.0
CHEMBL6000292,active,9.0,Cc1nc(N[C@H](C)c2cccc(C(F)(F)CO)c2F)c2cn(C34CCC(CC3)C4)c(=O)cc2n1,472.5110000000003,4.785420000000004,2.0,5.0
CHEMBL6009434,active,9.0,Cc1nc(N[C@H](C)c2cccc(C(F)(F)CO)c2F)c2cn(C34CCC(CC3)CC4)c(=O)cc2n1,486.53800000000035,5.175520000000004,2.0,5.0
CHEMBL5798250,active,7.6020599913279625,Cc1nc(N[C@H](C)c2cccc(C(F)(F)F)c2)c2cn(C(C)(C)C)c(=O)cc2n1,404.43600000000015,5.046820000000005,1.0,4.0
CHEMBL5864447,active,7.42021640338319,Cc1nc(N[C@H](C)c2cccc(C(F)(F)F)c2)c2cn(C(C)C)c(=O)cc2n1,390.4090000000001,4.872720000000004,1.0,4.0
CHEMBL6045856,active,7.853871964321762,Cc1nc(N[C@H](C)c2cccc(C(F)(F)F)c2)c2cn(C3(C(F)F)CC3)c(=O)cc2n1,438.40000000000015,5.046020000000004,1.0,4.0
CHEMBL5896924,active,7.886056647693163,Cc1nc(N[C@H](C)c2cccc(C(F)(F)F)c2)c2cn(C3(C)CC3)c(=O)cc2n1,402.4200000000002,4.800820000000004,1.0,4.0
CHEMBL6013391,active,7.4089353929735005,Cc1nc(N[C@H](C)c2cccc(C(F)(F)F)c2)c2cn(C3(C)CCCOC3)c(=O)cc2n1,446.4730000000003,4.817420000000005,1.0,5.0
CHEMBL5970807,active,7.585026652029182,Cc1nc(N[C@H](C)c2cccc(C(F)(F)F)c2)c2cn(C3(C)CCN(C)CC3)c(=O)cc2n1,459.5160000000003,4.732620000000005,1.0,5.0
CHEMBL5988678,active,8.045757490560675,Cc1nc(N[C@H](C)c2cccc(C(F)(F)F)c2)c2cn(C3(C)CCOC3)c(=O)cc2n1,432.44600000000025,4.427320000000004,1.0,5.0
CHEMBL5918361,active,7.886056647693163,Cc1nc(N[C@H](C)c2cccc(C(F)(F)F)c2)c2cn(C3(C)CCOCC3)c(=O)cc2n1,446.4730000000003,4.817420000000005,1.0,5.0
CHEMBL5804416,active,8.0,Cc1nc(N[C@H](C)c2cccc(C(F)(F)F)c2)c2cn(C34CCC(CC3)C4)c(=O)cc2n1,442.4850000000003,5.581020000000005,1.0,4.0
CHEMBL5851040,active,8.397940008672037,Cc1nc(N[C@H](C)c2cccc(C(F)(F)F)c2)c2cn(C34CCN(CC3)CC4)c(=O)cc2n1,457.50000000000034,4.486620000000005,1.0,5.0
CHEMBL5943790,active,7.431798275933005,Cc1nc(N[C@H](C)c2cccc(C(F)(F)F)c2)c2cn(C3CC3)c(=O)cc2n1,388.39300000000014,4.626720000000003,1.0,4.0
CHEMBL5836607,active,7.4089353929735005,Cc1nc(N[C@H](C)c2cccc(C(F)(F)F)c2)c2cn(C3CCC(F)(F)CC3)c(=O)cc2n1,466.45400000000024,6.042220000000004,1.0,4.0
CHEMBL5969107,active,7.568636235841013,Cc1nc(N[C@H](C)c2cccc(C(F)(F)F)c2)c2cn(C3CCCC3)c(=O)cc2n1,416.44700000000023,5.406920000000004,1.0,4.0
CHEMBL6004622,active,7.619788758288394,Cc1nc(N[C@H](C)c2cccc(C(F)(F)F)c2)c2cn(C3CCCCC3)c(=O)cc2n1,430.4740000000003,5.797020000000004,1.0,4.0
CHEMBL5847116,active,7.958607314841775,Cc1nc(N[C@H](C)c2cccc(C(F)(F)F)c2)c2cn(C3CCOCC3)c(=O)cc2n1,432.44600000000025,4.643320000000004,1.0,5.0
CHEMBL6043227,active,7.7447274948966935,Cc1nc(N[C@H](C)c2cccc(C(F)(F)F)c2C)c2cn(C3(C(F)(F)F)CC3)c(=O)cc2n1,470.41700000000014,5.651640000000004,1.0,4.0
CHEMBL5821311,active,7.508638306165727,Cc1nc(N[C@H](C)c2cccc(C(F)(F)F)c2C)c2cn(C3(C)CC(F)(F)C3)c(=O)cc2n1,466.4540000000002,5.744540000000004,1.0,4.0
CHEMBL6036140,active,8.301029995663981,Cc1nc(N[C@H](C)c2cccc(C(F)(F)F)c2C)c2cn(C3(C)CC3)c(=O)cc2n1,416.4470000000002,5.109240000000004,1.0,4.0
CHEMBL5814962,active,8.045757490560675,Cc1nc(N[C@H](C)c2cccc(C(F)(F)F)c2C)c2cn(C3(C)CCC3)c(=O)cc2n1,430.4740000000002,5.499340000000005,1.0,4.0
CHEMBL5779861,active,8.301029995663981,Cc1nc(N[C@H](C)c2cccc(C(F)(F)F)c2C)c2cn(C3(C)CCOC3)c(=O)cc2n1,446.47300000000024,4.735740000000004,1.0,5.0
CHEMBL5895016,active,8.397940008672037,Cc1nc(N[C@H](C)c2cccc(C(F)(F)F)c2C)c2cn(C3(CF)CC3)c(=O)cc2n1,434.4370000000002,5.0588400000000044,1.0,4.0
CHEMBL6059684,active,7.638272163982407,Cc1nc(N[C@H](C)c2cccc(C(F)(F)F)c2C)c2cn(C3(c4ccccc4)CCOCC3)c(=O)cc2n1,522.5710000000003,6.154240000000007,1.0,5.0
CHEMBL5954448,active,8.522878745280337,Cc1nc(N[C@H](C)c2cccc(C(F)(F)F)c2C)c2cn(C34CCN(CC3)CC4)c(=O)c(C)c2n1,485.55400000000037,5.103460000000005,1.0,5.0
CHEMBL5757426,active,7.958607314841775,Cc1nc(N[C@H](C)c2cccc(C(F)(F)F)c2C)c2cn(C3CC(O)C3)c(=O)cc2n1,432.44600000000014,4.296040000000003,2.0,5.0
CHEMBL6032617,active,7.853871964321762,Cc1nc(N[C@H](C)c2cccc(C(F)(F)F)c2C)c2cn(C3CCC3)c(=O)cc2n1,416.4470000000002,5.325240000000004,1.0,4.0
CHEMBL5759789,active,8.221848749616356,Cc1nc(N[C@H](C)c2cccc(C(F)(F)F)c2C)c2cn(C3CCOCC3)c(=O)cc2n1,446.47300000000024,4.9517400000000045,1.0,5.0
CHEMBL5878404,active,7.920818753952375,Cc1nc(N[C@H](C)c2cccc(C(F)(F)F)c2C)c2cn([C@H]3C[C@@H](O)C3)c(=O)cc2n1,432.44600000000014,4.296040000000003,2.0,5.0
CHEMBL5951860,active,7.568636235841013,Cc1nc(N[C@H](C)c2cccc(C(F)(F)F)c2C)c2cn([C@H]3C[C@@](O)(C(F)(F)F)C3)c(=O)cc2n1,500.44300000000015,5.228540000000004,2.0,5.0
CHEMBL5878137,active,8.301029995663981,Cc1nc(N[C@H](C)c2cccc(C(F)(F)F)c2C)c2cn([C@H]3C[C@H](O)C3)c(=O)cc2n1,432.44600000000014,4.296040000000003,2.0,5.0
CHEMBL5904164,active,7.481486060122112,Cc1nc(N[C@H](C)c2cccc(C(F)(F)F)c2C)c2cn([C@H]3C[C@](O)(C(F)(F)F)C3)c(=O)cc2n1,500.44300000000015,5.228540000000004,2.0,5.0
CHEMBL6001590,active,8.045757490560675,Cc1nc(N[C@H](C)c2cccc(C(F)(F)F)c2C)c2cn([C@H]3[C@@H]4COC[C@@H]43)c(=O)cc2n1,444.45700000000016,4.417540000000004,1.0,5.0
CHEMBL5881700,active,8.096910013008056,Cc1nc(N[C@H](C)c2cccc(C(F)(F)F)c2F)c2cn(C3(C(F)F)CC3)c(=O)cc2n1,456.39000000000016,5.185120000000003,1.0,4.0
CHEMBL6031997,active,7.3979400086720375,Cc1nc(N[C@H](C)c2cccc(C(F)(F)F)c2F)c2cn(C3(c4ccccc4)CCOCC3)c(=O)cc2n1,526.5340000000002,5.984920000000006,1.0,5.0
CHEMBL5846727,active,8.698970004336019,Cc1nc(N[C@H](C)c2cccc(C(F)(F)F)c2F)c2cn(C34CCN(CC3)CC4)c(=O)cc2n1,475.49000000000035,4.625720000000005,1.0,5.0
CHEMBL6041847,active,8.045757490560675,Cc1nc(N[C@H](C)c2cccc(C(F)(F)F)c2F)c2cn(C3CCOCC3)c(=O)cc2n1,450.43600000000026,4.782420000000004,1.0,5.0
CHEMBL5982827,active,7.42021640338319,Cc1nc(N[C@H](C)c2cccc(C(F)(F)F)c2F)c2cn([C@@H]3CCOC3)c(=O)cc2n1,436.4090000000002,4.392320000000003,1.0,5.0
CHEMBL5821605,active,7.4089353929735005,Cc1nc(N[C@H](C)c2cccc(C(F)(F)F)c2F)c2cn([C@H]3CCOC3)c(=O)cc2n1,436.4090000000002,4.392320000000003,1.0,5.0
CHEMBL5789082,active,7.920818753952375,Cc1nc(N[C@H](C)c2cccc(C(F)(F)F)c2F)c2cn([C@H]3[C@@H]4COC[C@@H]43)c(=O)cc2n1,448.4200000000002,4.248220000000003,1.0,5.0
CHEMBL5857676,active,8.301029995663981,Cc1nc(N[C@H](C)c2cccc(C(F)(F)[C@@H]3CCCO3)c2F)c2cn(C3(C(F)F)CC3)c(=O)c(F)c2n1,526.4810000000001,5.576220000000004,1.0,5.0
CHEMBL5950832,active,8.301029995663981,Cc1nc(N[C@H](C)c2cccc(C(F)(F)[C@@H]3CCCO3)c2F)c2cn(C3(C)CC3)c(=O)c(F)c2n1,490.50100000000026,5.331020000000005,1.0,5.0
CHEMBL5861561,active,8.522878745280337,Cc1nc(N[C@H](C)c2cccc(C(F)F)c2C)c2cn(C3(C(F)F)CC3)c(=O)cc2n1,434.4370000000001,5.273240000000005,1.0,4.0
CHEMBL5808866,active,8.301029995663981,Cc1nc(N[C@H](C)c2cccc(C(F)F)c2C)c2cn(C3(C)CC3)c(=O)c(C)c2n1,412.4840000000002,5.336460000000005,1.0,4.0
CHEMBL5842335,active,8.522878745280337,Cc1nc(N[C@H](C)c2cccc(C(F)F)c2C)c2cn(C3(C)CC3)c(=O)cc2n1,398.45700000000016,5.028040000000005,1.0,4.0
CHEMBL5996000,active,8.397940008672037,Cc1nc(N[C@H](C)c2cccc(C(F)F)c2C)c2cn(C3(C)CCC3)c(=O)cc2n1,412.4840000000002,5.4181400000000055,1.0,4.0
CHEMBL5785306,active,8.522878745280337,Cc1nc(N[C@H](C)c2cccc(C(F)F)c2C)c2cn(C3(C)CCOC3)c(=O)cc2n1,428.48300000000023,4.654540000000004,1.0,5.0
CHEMBL6007199,active,8.0,Cc1nc(N[C@H](C)c2cccc(C(F)F)c2C)c2cn(C34CCC(C(=O)N(C)C)(CC3)C4)c(=O)cc2n1,509.6010000000004,5.266640000000005,1.0,5.0
CHEMBL5781021,active,8.698970004336019,Cc1nc(N[C@H](C)c2cccc(C(F)F)c2C)c2cn(C34CCC(C(=O)N(C)C)(CC3)CC4)c(=O)cc2n1,523.6280000000004,5.656740000000006,1.0,5.0
CHEMBL5745704,active,8.698970004336019,Cc1nc(N[C@H](C)c2cccc(C(F)F)c2C)c2cn(C34CCN(CC3)CC4)c(=O)c(C)c2n1,467.56400000000036,5.0222600000000055,1.0,5.0
CHEMBL5907163,active,8.698970004336019,Cc1nc(N[C@H](C)c2cccc(C(F)F)c2C)c2cn(C34CCN(CC3)CC4)c(=O)cc2n1,453.5370000000003,4.713840000000005,1.0,5.0
CHEMBL5803760,active,8.221848749616356,Cc1nc(N[C@H](C)c2cccc(C(F)F)c2C)c2cn(C3CCC3)c(=O)cc2n1,398.45700000000016,5.2440400000000045,1.0,4.0
CHEMBL5209105,active,8.4089353929735,Cc1nc(N[C@H](C)c2cccc(C(F)F)c2F)c2cc3c(cc2n1)OCC[C@H]1CN(C(=O)C2(C#N)CC2)CCN31,550.5850000000003,5.291500000000005,1.0,7.0
CHEMBL5184590,active,8.075720713938118,Cc1nc(N[C@H](C)c2cccc(C(F)F)c2F)c2cc3c(cc2n1)OC[C@H]1CN(C(=O)C2(C#N)CC2)CCN31,536.5580000000003,4.901400000000005,1.0,7.0
CHEMBL5919046,active,8.096910013008056,Cc1nc(N[C@H](C)c2cccc(C(F)F)c2F)c2cn(C3(C(F)(F)F)CC3)c(=O)cc2n1,456.39000000000016,5.401120000000003,1.0,4.0
CHEMBL6006942,active,8.045757490560675,Cc1nc(N[C@H](C)c2cccc(C(F)F)c2F)c2cn(C3(C(F)(F)F)CCOC3)c(=O)cc2n1,486.4160000000002,5.027620000000004,1.0,5.0
CHEMBL5828192,active,8.301029995663981,Cc1nc(N[C@H](C)c2cccc(C(F)F)c2F)c2cn(C3(C(F)F)CC3)c(=O)c(F)c2n1,456.39000000000016,5.243020000000003,1.0,4.0
CHEMBL5919492,active,8.301029995663981,Cc1nc(N[C@H](C)c2cccc(C(F)F)c2F)c2cn(C3(C(F)F)CC3)c(=O)cc2n1,438.40000000000015,5.103920000000004,1.0,4.0
CHEMBL6015532,active,7.6777807052660805,Cc1nc(N[C@H](C)c2cccc(C(F)F)c2F)c2cn(C3(C)CC(F)(F)C3)c(=O)cc2n1,452.4270000000002,5.494020000000004,1.0,4.0
CHEMBL5813811,active,8.301029995663981,Cc1nc(N[C@H](C)c2cccc(C(F)F)c2F)c2cn(C3(C)CC3)c(=O)c(C)c2n1,416.44700000000023,5.167140000000004,1.0,4.0
CHEMBL5954884,active,8.045757490560675,Cc1nc(N[C@H](C)c2cccc(C(F)F)c2F)c2cn(C3(C)CC3)c(=O)c(F)c2n1,420.4100000000002,4.9978200000000035,1.0,4.0
CHEMBL5985667,active,8.301029995663981,Cc1nc(N[C@H](C)c2cccc(C(F)F)c2F)c2cn(C3(C)CC3)c(=O)cc2n1,402.4200000000002,4.858720000000004,1.0,4.0
CHEMBL6028266,active,8.301029995663981,Cc1nc(N[C@H](C)c2cccc(C(F)F)c2F)c2cn(C3(C)CCC3)c(=O)cc2n1,416.44700000000023,5.248820000000005,1.0,4.0
CHEMBL5915669,active,8.221848749616356,Cc1nc(N[C@H](C)c2cccc(C(F)F)c2F)c2cn(C3(CF)CC3)c(=O)c(F)c2n1,438.4000000000002,4.947420000000004,1.0,4.0
CHEMBL5809336,active,8.397940008672037,Cc1nc(N[C@H](C)c2cccc(C(F)F)c2F)c2cn(C3(CF)CC3)c(=O)cc2n1,420.4100000000002,4.808320000000004,1.0,4.0
CHEMBL5897466,active,7.522878745280337,Cc1nc(N[C@H](C)c2cccc(C(F)F)c2F)c2cn(C3(c4ccc(F)cc4)CC3)c(=O)cc2n1,482.4810000000002,6.026220000000005,1.0,4.0
CHEMBL5885511,active,7.795880017344075,Cc1nc(N[C@H](C)c2cccc(C(F)F)c2F)c2cn(C3(c4ccccc4)CC3)c(=O)cc2n1,464.4910000000002,5.887120000000006,1.0,4.0
CHEMBL5780223,active,8.096910013008056,Cc1nc(N[C@H](C)c2cccc(C(F)F)c2F)c2cn(C3(c4ccncc4)CC3)c(=O)cc2n1,465.4790000000002,5.282120000000005,1.0,5.0
CHEMBL5810692,active,8.096910013008056,Cc1nc(N[C@H](C)c2cccc(C(F)F)c2F)c2cn(C34CC(C3)C4)c(=O)cc2n1,414.4310000000002,4.858720000000004,1.0,4.0
CHEMBL6029423,active,7.920818753952375,Cc1nc(N[C@H](C)c2cccc(C(F)F)c2F)c2cn(C34CC(F)(C3)C4)c(=O)cc2n1,432.4210000000002,4.950820000000004,1.0,4.0
CHEMBL6038273,active,8.301029995663981,Cc1nc(N[C@H](C)c2cccc(C(F)F)c2F)c2cn(C34CC(N5CCOCC5)(C3)C4)c(=O)cc2n1,499.53700000000043,4.313520000000004,1.0,6.0
CHEMBL5905465,active,8.698970004336019,Cc1nc(N[C@H](C)c2cccc(C(F)F)c2F)c2cn(C34CCC(CC3)C4)c(=O)cc2n1,442.4850000000003,5.638920000000005,1.0,4.0
CHEMBL5886104,active,8.221848749616356,Cc1nc(N[C@H](C)c2cccc(C(F)F)c2F)c2cn(C34CCC(CC3)CC4)c(=O)cc2n1,456.51200000000034,6.029020000000005,1.0,4.0
CHEMBL5865315,active,8.301029995663981,Cc1nc(N[C@H](C)c2cccc(C(F)F)c2F)c2cn(C34CCC(F)(CC3)CC4)c(=O)cc2n1,474.50200000000035,6.121120000000005,1.0,4.0
CHEMBL6044436,active,8.397940008672037,Cc1nc(N[C@H](C)c2cccc(C(F)F)c2F)c2cn(C34CCC(O)(CC3)CC4)c(=O)c(C)c2n1,486.5380000000004,5.452340000000006,2.0,5.0
CHEMBL5935155,active,8.522878745280337,Cc1nc(N[C@H](C)c2cccc(C(F)F)c2F)c2cn(C34CCC(O)(CC3)CC4)c(=O)cc2n1,472.51100000000037,5.143920000000006,2.0,5.0
CHEMBL6013279,active,7.958607314841775,Cc1nc(N[C@H](C)c2cccc(C(F)F)c2F)c2cn(C3CC(F)(F)C3)c(=O)cc2n1,438.40000000000015,5.319920000000003,1.0,4.0
CHEMBL5852746,active,8.301029995663981,Cc1nc(N[C@H](C)c2cccc(C(F)F)c2F)c2cn(C3CCOCC3)c(=O)cc2n1,432.44600000000025,4.701220000000004,1.0,5.0
CHEMBL5833992,active,7.698970004336019,Cc1nc(N[C@H](C)c2cccc(C(F)F)c2F)c2cn([C@@]3(C(F)(F)F)CCOC3)c(=O)cc2n1,486.4160000000002,5.027620000000004,1.0,5.0
CHEMBL5804585,active,7.958607314841775,Cc1nc(N[C@H](C)c2cccc(C(F)F)c2F)c2cn([C@H](C)C(F)(F)F)c(=O)cc2n1,444.3790000000001,5.4730200000000035,1.0,4.0
CHEMBL5869144,active,7.823908740944319,Cc1nc(N[C@H](C)c2cccc(C(F)F)c2F)c2cn([C@H]3C[C@@H]3C(F)F)c(=O)c(F)c2n1,456.3900000000001,5.314920000000003,1.0,4.0
CHEMBL5768815,active,8.096910013008056,Cc1nc(N[C@H](C)c2cccc(C(F)F)c2F)c2cn([C@H]3C[C@H](F)C3)c(=O)c(F)c2n1,438.40000000000015,5.161820000000003,1.0,4.0
CHEMBL5848791,active,8.154901959985743,Cc1nc(N[C@H](C)c2cccc(C(F)F)c2F)c2cn([C@H]3C[C@H](F)C3)c(=O)cc2n1,420.41000000000014,5.022720000000004,1.0,4.0
CHEMBL5763864,active,8.045757490560675,Cc1nc(N[C@H](C)c2cccc(C(F)F)c2F)c2cn([C@]3(C(F)(F)F)CCOC3)c(=O)c(F)c2n1,504.40600000000023,5.166720000000003,1.0,5.0
CHEMBL5802092,active,8.301029995663981,Cc1nc(N[C@H](C)c2cccc(C(F)F)c2F)c2cn([C@]3(C(F)(F)F)CCOC3)c(=O)cc2n1,486.4160000000002,5.027620000000004,1.0,5.0
CHEMBL5909904,active,7.522878745280337,Cc1nc(N[C@H](C)c2cccc(CC(F)(F)F)c2)c2cn(C3(C(F)F)CC3)c(=O)cc2n1,452.42700000000013,5.132020000000004,1.0,4.0
CHEMBL5897531,active,8.301029995663981,Cc1nc(N[C@H](C)c2cccc3c(F)coc23)c2cn(C3(C(F)F)CC3)c(=O)cc2n1,428.41400000000016,4.912520000000003,1.0,5.0
CHEMBL5884848,active,8.698970004336019,Cc1nc(N[C@H](C)c2cccc3c2CCC3(F)F)c2cn(C3(C(F)F)CC3)c(=O)cc2n1,446.44800000000015,5.065220000000004,1.0,4.0
CHEMBL5889849,active,8.698970004336019,Cc1nc(N[C@H](C)c2cccc3c2CCC3(F)F)c2cn(C3(C)CC3)c(=O)cc2n1,410.4680000000002,4.820020000000004,1.0,4.0
CHEMBL6010852,active,8.522878745280337,Cc1nc(N[C@H](C)c2cccc3c2CCC3(F)F)c2cn(C34CC(C3)C4)c(=O)cc2n1,422.4790000000002,4.820020000000004,1.0,4.0
CHEMBL5943007,active,8.698970004336019,Cc1nc(N[C@H](C)c2cccc3c2CCC3(F)F)c2cn(C34CCN(CC3)C4)c(=O)c(C)c2n1,465.54800000000034,4.424140000000004,1.0,5.0
CHEMBL5914084,active,8.698970004336019,Cc1nc(N[C@H](C)c2cccc3c2CCC3(F)F)c2cn(C34CCN(CC3)C4)c(=O)cc2n1,451.5210000000003,4.115720000000004,1.0,5.0
CHEMBL5941695,active,8.397940008672037,Cc1nc(N[C@H](C)c2cccc3c2OCC3(F)F)c2cn(C3(C(F)F)CC3)c(=O)cc2n1,448.42000000000013,4.511420000000004,1.0,5.0
CHEMBL5970898,active,8.397940008672037,Cc1nc(N[C@H](C)c2cccc3c2OCC3(F)F)c2cn(C3(C)CC3)c(=O)cc2n1,412.44000000000017,4.266220000000003,1.0,5.0
CHEMBL5422856,active,7.730020323354676,Cc1nnc(N[C@H](C)c2cc(F)cc(C(F)(F)CO)c2)c2cc3c(cc12)C(C)(C)C(=O)N3C,458.4840000000002,4.588520000000004,2.0,5.0
CHEMBL5402571,active,8.070019409484486,Cc1nnc(N[C@H](C)c2cccc(C(F)(F)C(C)(C)O)c2)c2cc3c(cc12)n(C)c(=O)n3C(C)C,483.5630000000002,5.208320000000005,2.0,5.0
CHEMBL5435660,active,8.130005999878259,Cc1nnc(N[C@H](C)c2cccc(C(F)(F)C(C)(C)O)c2)c2cc3c(cc12)n(C)c(=O)n3C1CC1,481.54700000000025,4.9623200000000045,2.0,5.0
CHEMBL5429631,active,8.299988937677888,Cc1nnc(N[C@H](C)c2cccc(C(F)(F)CN)c2F)c2cc3c(cc12)n(C)c(=O)n3C(C)(C)C,486.54200000000026,4.7093200000000035,2.0,5.0
CHEMBL5406139,active,8.119987161633228,Cc1nnc(N[C@H](C)c2cccc(C(F)(F)CO)c2)c2cc3c(cc12)n(C)c(=O)n3C(C)C,455.5090000000002,4.429720000000003,2.0,5.0
CHEMBL5407147,active,7.7599502278873524,Cc1nnc(N[C@H](C)c2cccc(C(F)(F)CO)c2F)c2cc3c(cc12)n(C)c(=O)n3C,445.44500000000016,3.5249200000000025,2.0,5.0
CHEMBL5422851,active,7.460046158343603,Cc1nnc(N[C@H](C)c2cccc(C(F)(F)F)c2)c2cc3c(cc12)OCCC(=O)N3C,430.43000000000023,4.8754200000000045,1.0,5.0
CHEMBL5428812,active,7.880084589742009,Cc1nnc(N[C@H](C)c2cccc(C(F)(F)F)c2)c2cc3c(cc12)n(C)c(=O)n3C1CCCC1,469.5110000000003,5.898620000000005,1.0,4.0
CHEMBL5415240,active,7.830031826003108,Cc1nnc(N[C@H](C)c2cccc(C(F)F)c2F)c2cc3c(cc12)OC(C)(C)C(=O)N3C,444.4570000000002,5.321820000000005,1.0,5.0
CHEMBL5282484,active,7.301029995663981,[2H]C([2H])(Oc1nc(N2CC3CCC(C2)N3)c2cnc(-c3cc(O)cc(Cl)c3C(F)(F)F)c(F)c2n1)C12CCCN1CCC2,595.0372035559998,5.156500000000005,2.0,8.0
CHEMBL5271197,active,7.301029995663981,[2H]C([2H])(Oc1nc(N2CC3CCC(C2)N3)c2cnc(-c3cc(O)cc4ccc(F)c(C#C)c34)c(F)c2n1)[C@@]12CCCN1C[C@H](F)C2,602.657203556,4.705900000000004,2.0,8.0
CHEMBL5281775,active,7.301029995663981,[2H]C([2H])(Oc1nc(N2CC3CCC(C2)N3)c2cnc(-c3cc(O)cc4ccc(F)c(C#C)c34)c(F)c2n1)[C@@]12CCCN1C[C@]([2H])(F)C2,603.663305334,4.705900000000004,2.0,8.0
CHEMBL5276263,active,7.301029995663981,[2H]C([2H])(Oc1nc(N2CC3CCC2CN3)c2cnc(-c3cc(O)cc(Cl)c3C(F)(F)F)c(F)c2n1)C12CCCN1CCC2,595.0372035559998,5.156500000000005,2.0,8.0
CHEMBL5280735,active,7.301029995663981,[2H]C([2H])(Oc1nc2c(c(N3CC4CCC(C3)N4)n1)CCN(c1cc(O)cc(Cl)c1C(F)(F)F)C2)C12CCCN1CCC2,581.0792035559999,4.364900000000003,2.0,8.0
CHEMBL5277217,active,6.6020599913279625,[2H]C([2H])(Oc1nc2c(c(N3CC4CCC(C3)N4)n1)CCN(c1cc(O)ccc1C(F)(F)F)C2)C12CCCN1CCC2,546.6342035560001,3.7115000000000027,2.0,8.0
CHEMBL5268860,active,7.301029995663981,[2H]C1(F)CN2CCC[C@]2(COc2nc(N3CC4CCC(C3)N4)c3cnc(-c4cc(O)cc5ccc(F)c(C#C)c45)c(F)c3n2)C1,601.651101778,4.705900000000003,2.0,8.0
CHEMBL5289492,active,7.301029995663981,[2H]C1([2H])CC[C@@]2(C([2H])([2H])Oc3nc(N4CC5CCC(C4)N5)c4cnc(-c5cc(O)cc6ccc(F)c(C#C)c56)c(F)c4n3)C[C@@]([2H])(F)CN12,605.67550889,4.705900000000004,2.0,8.0
CHEMBL5286333,active,7.301029995663981,[2H]C1([2H])CC[C@@]2(COc3nc(N4CC5CCC(C4)N5)c4cnc(-c5cc(O)cc6ccc(F)c(C#C)c56)c(F)c4n3)C[C@@H](F)CN12,602.657203556,4.705900000000003,2.0,8.0
CHEMBL5267616,active,7.301029995663981,[2H]C1([2H])CC[C@@]2(COc3nc(N4CC5CCC(C4)N5)c4cnc(-c5cc(O)cc6ccc(F)c(C#C)c56)c(F)c4n3)C[C@@]([2H])(F)CN12,603.663305334,4.705900000000003,2.0,8.0
CHEMBL5271053,active,7.301029995663981,[2H]C1([2H])CC[C@]2(C([2H])([2H])Oc3nc(N4CC5CCC(C4)N5)c4cnc(-c5cc(O)cc6ccc(F)c(C#C)c56)c(F)c4n3)C[C@H](F)CN12,604.6694071119999,4.705900000000004,2.0,8.0
